,ACC,AUC,F1,GI,IBA,J,MCC,PPV,TNR,TPR
1a-selbal-crohn,0.79245,0.79269,0.7903249999999999,0.58538,0.58045,0.653475,0.58997,0.76817,0.778195,0.778195
2a-franzosa-mic-ibd-v-hc,0.82353,0.822915,0.84211,0.6458349999999999,0.75,0.72727,0.6742,0.881945,0.875,0.875
2b-franzosa-mic-cd-v-uc,0.77778,0.75,0.75,0.5,0.5625,0.6,0.59761,0.8,0.75,0.75
3a-duvallet-schubert-case-v-diarrhea,0.77778,0.77778,0.77778,0.55556,0.5958650000000001,0.63636,0.5626800000000001,0.77778,0.77778,0.77778
3b-duvallet-schubert-case-v-nondc,0.939165,0.94097,0.94118,0.881945,0.9675,0.88889,0.87949,1.0,1.0,1.0
3c-duvallet-baxter-crc-v-h,0.7293099999999999,0.72794,0.72,0.455885,0.535115,0.5625,0.45054,0.69398,0.73611,0.73611
3d-duvallet-baxter-crc-v-noncrc,0.730345,0.71886,0.713635,0.43772,0.465765,0.554945,0.43993000000000004,0.72078,0.7,0.7
